# Netlify redirects for clean URLs (no .html extension)

# Redirect old .html URLs to clean URLs (301 permanent redirects)
/index.html / 301
/about.html /about 301
/residential.html /residential 301
/commercial.html /commercial 301
/gallery.html /gallery 301
/removal.html /removal 301
/technology.html /technology 301
/areas-we-serve.html /areas-we-serve 301
/Accessibility_statement.html /Accessibility_statement 301
/Privacy_Policy.html /Privacy_Policy 301
/terms_of_service.html /terms_of_service 301

# Rewrite clean URLs to serve .html files (internal rewrite, no redirect)
/about /about.html 200
/residential /residential.html 200
/commercial /commercial.html 200
/gallery /gallery.html 200
/removal /removal.html 200
/technology /technology.html 200
/areas-we-serve /areas-we-serve.html 200
/Accessibility_statement /Accessibility_statement.html 200
/Privacy_Policy /Privacy_Policy.html 200
/terms_of_service /terms_of_service.html 200

# Root path serves index.html (already default, but explicit)
/ /index.html 200

